{
  "agents": [
    {
      "id": 0,
      "steps": 300,
      "status": "active",
      "start": [
        20.0,
        52.0
      ],
      "end": [
        19.97807410610826,
        51.79668921487406
      ]
    },
    {
      "id": 1,
      "steps": 300,
      "status": "active",
      "start": [
        66.0,
        12.0
      ],
      "end": [
        61.0904306993611,
        12.22054785977582
      ]
    },
    {
      "id": 2,
      "steps": 300,
      "status": "active",
      "start": [
        37.0,
        59.0
      ],
      "end": [
        24.611865806138635,
        60.23897819685446
      ]
    },
    {
      "id": 3,
      "steps": 300,
      "status": "active",
      "start": [
        26.0,
        16.0
      ],
      "end": [
        22.05302947603484,
        16.949820578172602
      ]
    }
  ]
}